status,tec_manufacturer_id,tec_manufacturer_name,cc_brand_slug,cc_brand_display,cc_model_slug,cc_model_display,tec_model_id,tec_model_name,notes
pending,2,ALFA ROMEO,alfa_romeo,Alfa Romeo,156,Alfa Romeo 156,4635,156 Sportwagon (932_),
pending,2,ALFA ROMEO,alfa_romeo,Alfa Romeo,giulia,Alfa Romeo Giulia,36486,GIULIA (952_),
pending,2,ALFA ROMEO,alfa_romeo,Alfa Romeo,giulietta_veloce,Alfa Romeo Giulietta veloce,8603,GIULIETTA (940_),
pending,2,ALFA ROMEO,alfa_romeo,Alfa Romeo,mito,Alfa Romeo Mito,7587,MITO (955_),
pending,2,ALFA ROMEO,alfa_romeo,Alfa Romeo,stelvio,Alfa Romeo Stelvio,37292,STELVIO (949_),
pending,2,ALFA ROMEO,alfa_romeo,Alfa Romeo,tonale,Alfa Romeo Tonale,42679,TONALE (965_),
pending,5891,ARCFOX,arcfox,Arcfox,koala_s,Arcfox KOALA S,45784,KAOLA S,
pending,881,ASTON MARTIN,aston_martin,Aston Martin,dbx,Aston Martin DBX,40521,DBX,
pending,5,AUDI,audi,Audi,a3,Audi A3,45351,A3 Allstreet (8YJ),
pending,5,AUDI,audi,Audi,a4,Audi A4,14695,"A4 B9 (8W2, 8WC)",
pending,5,AUDI,audi,Audi,a5,Audi A5,45725,A5 (FU2),
pending,5,AUDI,audi,Audi,a6,Audi A6,38843,A6 C8 (4A2),
pending,5,AUDI,audi,Audi,e_tron,Audi E Tron,39213,E-TRON (GEN),
pending,5,AUDI,audi,Audi,q8_e_tron,Audi Q8 e-tron,39213,E-TRON (GEN),
pending,5,AUDI,audi,Audi,rs_e_tron_gt,Audi RS e-tron GT,39213,E-TRON (GEN),
pending,5,AUDI,audi,Audi,q2,Audi Q2,36543,"Q2 (GAB, GAG)",
pending,5,AUDI,audi,Audi,q3,Audi Q3,38997,Q3 (F3B),
pending,5,AUDI,audi,Audi,q4_e_tron,Audi Q4 e Tron,41930,Q4 SUV (F4B),
pending,5,AUDI,audi,Audi,q5,Audi Q5,45817,Q5 (GUB),
pending,5,AUDI,audi,Audi,q6_e_tron,Audi Q6 e-tron,45332,Q6 (GFB),
pending,5,AUDI,audi,Audi,q7,Audi Q7,41522,"Q7 Van (4MB, 4MG)",
pending,5,AUDI,audi,Audi,q8,Audi Q8,38836,"Q8 (4MN, 4MT)",
pending,6622,AVATR,avatr,Avatr,07,Avatr 07,45937,07,
pending,6622,AVATR,avatr,Avatr,11,Avatr 11,43526,11,
pending,6622,AVATR,avatr,Avatr,12,Avatr 12,44919,12,
pending,3773,BAIC,baic,BAIC,bj30,BAIC BJ30,46224,BJ30,
pending,3773,BAIC,baic,BAIC,u5_plus,BAIC U5 Plus,37697,PLUS,
pending,3773,BAIC,senova,Senova,x35,Senova X35,42481,X35,
pending,3773,BAIC,baic,BAIC,x3,BAIC X3,42481,X35,
pending,3773,BAIC,baic,BAIC,x35,BAIC X35,42481,X35,
pending,3773,BAIC,baic,BAIC,x_55,BAIC X 55,45492,X55,
pending,3773,BAIC,baic,BAIC,x7,BAIC X7,45469,X75,
pending,815,BENTLEY,bentley,Bentley,bentiaga,Bentley Bentiaga,14812,BENTAYGA (4V1),
pending,815,BENTLEY,bentley,Bentley,continental_gt,Bentley Continental GT,46110,CONTINENTAL,
pending,815,BENTLEY,bentley,Bentley,flying_spur,Bentley Flying spur,11490,FLYING SPUR (4W_),
pending,5510,BESTUNE,bestune,Bestune,b70,Bestune B70,45032,B70,
pending,5510,BESTUNE,bestune,Bestune,t55,Bestune T55,41841,T55,
pending,5510,BESTUNE,bestune,Bestune,t77,Bestune T77,40303,T77,
pending,16,BMW,bmw,BMW,420i_convertible,BMW 420i Convertible,41276,"4 Convertible (G23, G83)",
pending,16,BMW,bmw,BMW,430i_convertible,BMW 430i Convertible,41276,"4 Convertible (G23, G83)",
pending,16,BMW,bmw,BMW,440i_coupe,BMW 440i Coupe,40742,"4 Coupe (G22, G82)",
pending,16,BMW,bmw,BMW,420i_gran_coupe,BMW 420i Gran Coupe,42096,4 Gran Coupe (G26),
pending,16,BMW,bmw,BMW,430i_gran_coupe,BMW 430i Gran Coupe,42096,4 Gran Coupe (G26),
pending,16,BMW,bmw,BMW,5_series,BMW 5 Series,37157,"5 (G30, F90)",
pending,16,BMW,bmw,BMW,i3,BMW i3,11443,i3 (I01),
pending,16,BMW,bmw,BMW,i3_sedan,BMW i3 sedan,11443,i3 (I01),
pending,16,BMW,bmw,BMW,i4,BMW i4,42095,i4 (G26),
pending,16,BMW,bmw,BMW,ix,BMW iX,41979,iX (I20),
pending,16,BMW,bmw,BMW,ix3,BMW iX3,41979,iX (I20),
pending,16,BMW,bmw,BMW,ix1,BMW iX1,43036,X1 (U11),
pending,16,BMW,bmw,BMW,x1,BMW X1,43036,X1 (U11),
pending,16,BMW,bmw,BMW,ix2,BMW iX2,44861,X2 (U10),
pending,16,BMW,bmw,BMW,x2,BMW X2,44861,X2 (U10),
pending,16,BMW,bmw,BMW,x3,BMW X3,45659,X3 G45 (G45),
pending,16,BMW,bmw,BMW,x4,BMW X4,38487,"X4 (G02, F98)",
pending,16,BMW,bmw,BMW,x5,BMW X5,40437,X5 Van (G05),
pending,16,BMW,bmw,BMW,x6,BMW X6,39650,"X6 (G06, F96)",
pending,16,BMW,bmw,BMW,x7,BMW X7,39060,X7 (G07),
pending,16,BMW,bmw,BMW,z4,BMW Z4,39028,Z4 Roadster (G29),
pending,3076,BRILLIANCE,brilliance,Brilliance,h_530,Brilliance H 530,44347,H530,
pending,3076,BRILLIANCE,brilliance,Brilliance,v5,Brilliance V5,14240,V5,
pending,3122,BYD,byd,BYD,atto_8,BYD Atto 8,45043,ATTO,
pending,3122,BYD,byd,BYD,dolphin,BYD Dolphin,42373,DOLPHIN,
pending,3122,BYD,byd,BYD,dolphin_surf,BYD Dolphin Surf,42373,DOLPHIN,
pending,3122,BYD,byd,BYD,f0,BYD F0,7847,F0,
pending,3122,BYD,byd,BYD,f3,BYD F3,6476,F3 Saloon,
pending,3122,BYD,byd,BYD,han,BYD Han,40961,HAN,
pending,3122,BYD,byd,BYD,l3,BYD L3,9165,L3,
pending,3122,BYD,byd,BYD,seal,BYD Seal,43107,SEAL,
pending,3122,BYD,byd,BYD,seal_u,BYD Seal U,43107,SEAL,
pending,3122,BYD,byd,BYD,sealion,BYD Sealion,43107,SEAL,
pending,3122,BYD,byd,BYD,sealion_6,BYD Sealion 6,43107,SEAL,
pending,3122,BYD,byd,BYD,shark_6_dmo,BYD Shark 6 DMO,45990,SHARK 6 Pickup,
pending,3122,BYD,byd,BYD,song_l,BYD Song L,14801,SONG,
pending,3122,BYD,byd,BYD,song_plus,BYD Song Plus,14801,SONG,
pending,3122,BYD,byd,BYD,tang,BYD Tang,39205,TANG,
pending,3122,BYD,byd,BYD,tang_l,BYD Tang L,39205,TANG,
pending,3122,BYD,byd,BYD,yuan_plus,BYD Yuan Plus,36723,YUAN,
pending,3122,BYD,byd,BYD,yuan_up,BYD Yuan Up,36723,YUAN,
pending,819,CADILLAC,cadillac,Cadillac,escalade,Cadillac Escalade,14112,ESCALADE,
pending,819,CADILLAC,cadillac,Cadillac,escalade_iq,Cadillac Escalade IQ,14112,ESCALADE,
pending,819,CADILLAC,cadillac,Cadillac,escalade_iql,Cadillac Escalade IQL,14112,ESCALADE,
pending,819,CADILLAC,cadillac,Cadillac,lyriq,Cadillac Lyriq,42476,LYRIQ (6M_),
pending,4609,CHANA,chana,Chana,benni,Chana Benni,39075,BENNI MINI-E,
pending,2852,CHANGAN,changan,Changan,alsvin,Changan Alsvin,11113,ALSVIN V3,
pending,2852,CHANGAN,changan,Changan,benni_mini,Changan Benni Mini,13426,BENNI,
pending,2852,CHANGAN,changan,Changan,cs15,Changan CS15,36727,CS15,
pending,2852,CHANGAN,changan,Changan,cs35,Changan CS35,11115,CS35,
pending,2852,CHANGAN,changan,Changan,cs35_plus,Changan CS35 PLUS,11115,CS35,
pending,2852,CHANGAN,changan,Changan,cs55,Changan CS55,38156,CS55,
pending,2852,CHANGAN,changan,Changan,cs55_plus,Changan CS55-Plus,38156,CS55,
pending,2852,CHANGAN,changan,Changan,cs75_plus,Changan CS75 Plus,14253,CS75,
pending,2852,CHANGAN,changan,Changan,eado_plus,Changan Eado Plus,39561,EADO ET,
pending,2852,CHANGAN,changan,Changan,eado,Changan EADO,39561,EADO ET,
pending,2852,CHANGAN,changan,Changan,uni_t,Changan UNI-T,45345,UNI-Z,
pending,2852,CHANGAN,changan,Changan,uni_v,Changan UNI-V,45345,UNI-Z,
pending,2853,CHANGHE,changhe,Changhe,m50s,Changhe M50s,45375,M50S,
pending,2853,CHANGHE,changhe,Changhe,q35,Changhe Q35,37162,Q35,
pending,2887,CHERY,chery,Chery,a11,Chery A11,6962,A1,
pending,2887,CHERY,chery,Chery,arrizo_5,Chery Arrizo 5,43620,ARRIZO 8,
pending,2887,CHERY,chery,Chery,arrizo_6_gt,Chery Arrizo 6 GT,43620,ARRIZO 8,
pending,2887,CHERY,chery,Chery,arrizo_8,Chery Arrizo 8,43620,ARRIZO 8,
pending,2887,CHERY,chery,Chery,envy,Chery Envy,9806,ENVY,
pending,2887,CHERY,chery,Chery,eq7,Chery eQ7,13340,eQ,
pending,2887,CHERY,chery,Chery,qq,Chery QQ,39438,QQ,
pending,2887,CHERY,chery,Chery,tiggo_3,Chery Tiggo 3,14275,TIGGO,
pending,2887,CHERY,chery,Chery,tiggo,Chery Tiggo,14275,TIGGO,
pending,2887,CHERY,chery,Chery,tiggo_4_pro,Chery Tiggo 4 PRO,14275,TIGGO,
pending,2887,CHERY,chery,Chery,tiggo_7,Chery Tiggo 7,14275,TIGGO,
pending,2887,CHERY,chery,Chery,tiggo_7_pro,Chery Tiggo 7 Pro,14275,TIGGO,
pending,2887,CHERY,chery,Chery,tiggo_7_pro_max,Chery Tiggo 7 Pro Max,14275,TIGGO,
pending,2887,CHERY,chery,Chery,tiggo_8,Chery Tiggo 8,14275,TIGGO,
pending,2887,CHERY,chery,Chery,tiggo_8_pro,Chery Tiggo 8 PRO,14275,TIGGO,
pending,2887,CHERY,chery,Chery,tiggo_8_pro_max,Chery Tiggo 8 Pro Max,14275,TIGGO,
pending,2887,CHERY,chery,Chery,tiggo_9,Chery Tiggo 9,14275,TIGGO,
pending,138,CHEVROLET,chevrolet,Chevrolet,aveo,Chevrolet Aveo,9592,AVEO Saloon (T300),
pending,138,CHEVROLET,chevrolet,Chevrolet,camaro,Chevrolet Camaro,14576,CAMARO,
pending,138,CHEVROLET,chevrolet,Chevrolet,captiva,Chevrolet Captiva,10284,CAPTIVA SPORT,
pending,138,CHEVROLET,chevrolet,Chevrolet,captiva_ev,Chevrolet Captiva EV,10284,CAPTIVA SPORT,
pending,138,CHEVROLET,chevrolet,Chevrolet,corvette,Chevrolet Corvette,40419,CORVETTE (C8),
pending,138,CHEVROLET,chevrolet,Chevrolet,cruze,Chevrolet Cruze,8127,CRUZE (J300),
pending,138,CHEVROLET,chevrolet,Chevrolet,equinox,Chevrolet Equinox,46171,EQUINOX,
pending,138,CHEVROLET,chevrolet,Chevrolet,lanos,Chevrolet Lanos,8679,LANOS Saloon,
pending,138,CHEVROLET,chevrolet,Chevrolet,malibu,Chevrolet Malibu,36478,MALIBU,
pending,138,CHEVROLET,chevrolet,Chevrolet,n300,Chevrolet N300,37053,N300 Van,
pending,138,CHEVROLET,chevrolet,Chevrolet,optra,Chevrolet Optra,37090,OPTRA,
pending,138,CHEVROLET,chevrolet,Chevrolet,silverado,Chevrolet Silverado,11366,SILVERADO,
pending,138,CHEVROLET,chevrolet,Chevrolet,spark,Chevrolet Spark,6155,SPARK,
pending,138,CHEVROLET,chevrolet,Chevrolet,spark_euv,Chevrolet Spark EUV,6155,SPARK,
pending,138,CHEVROLET,chevrolet,Chevrolet,trailblazer,Chevrolet Trailblazer,40747,TRAILBLAZER,
pending,20,CHRYSLER,chrysler,Chrysler,300c,Chrysler 300C,10881,300C (LX),
pending,20,CHRYSLER,chrysler,Chrysler,voyager,Chrysler Voyager,41618,GRAND VOYAGER V (RT),
pending,21,CITROËN,citroen,Citroen,c_elysee,Citroen C-Elysee,8527,C-ZERO,
pending,21,CITROËN,citroen,Citroen,c3,Citroen C3,37098,C3 III (SX),
pending,21,CITROËN,citroen,Citroen,c3_aircross,Citroen C3 Aircross,37098,C3 III (SX),
pending,21,CITROËN,citroen,Citroen,c5_aircross,Citroen C5 Aircross,9900,C4 AIRCROSS,
pending,21,CITROËN,citroen,Citroen,c4,Citroen C4,12794,C4 CACTUS,
pending,21,CITROËN,citroen,Citroen,c4_facelift,Citroen C4 Facelift,12794,C4 CACTUS,
pending,21,CITROËN,citroen,Citroen,c4_grand_picasso,Citroen C4 Grand Picasso,12794,C4 CACTUS,
pending,21,CITROËN,citroen,Citroen,c4_x,Citroen C4 X,12794,C4 CACTUS,
pending,21,CITROËN,citroen,Citroen,picasso,Citroen Picasso,11238,C4 PICASSO II,
pending,21,CITROËN,citroen,Citroen,c5,Citroen C5,42435,"C5 X (ND_, NC_)",
pending,21,CITROËN,citroen,Citroen,jumpy,Citroen Jumpy,37059,JUMPY III Bus (V_),
pending,21,CITROËN,citroen,Citroen,xsara,Citroen Xsara,4172,XSARA PICASSO (N68),
pending,21,CITROËN,citroen,Citroen,zx,Citroen Zx,153,ZX (N2),
pending,4896,CUPRA,cupra,Cupra,formentor,Cupra Formentor,41283,"FORMENTOR (KM7, KMP)",
pending,4896,CUPRA,cupra,Cupra,leon,Cupra Leon,41359,"LEON (KL1, KU1, KUG)",
pending,4896,CUPRA,cupra,Cupra,terramar,Cupra Terramar,90066,TERRAMAR (KP1),
pending,185,DAEWOO,daewoo,Daewoo,celio,Daewoo Celio,5944,CIELO,
pending,185,DAEWOO,daewoo,Daewoo,lacetti,Daewoo Lacetti,5046,LACETTI Hatchback (KLAN),
pending,185,DAEWOO,daewoo,Daewoo,lanos,Daewoo Lanos,3512,LANOS (KLAT),
pending,185,DAEWOO,daewoo,Daewoo,lanos_ii,Daewoo Lanos II,3512,LANOS (KLAT),
pending,185,DAEWOO,daewoo,Daewoo,leganza,Daewoo Leganza,3413,LEGANZA (KLAV),
pending,185,DAEWOO,daewoo,Daewoo,matiz,Daewoo Matiz,3890,"MATIZ (M100, M150)",
pending,185,DAEWOO,daewoo,Daewoo,nubira,Daewoo Nubira,3411,NUBIRA (J100),
pending,185,DAEWOO,daewoo,Daewoo,racer,Daewoo Racer,13779,RACER Hatchback,
pending,25,DAIHATSU,daihatsu,Daihatsu,charade,Daihatsu Charade,9726,CHARADE VIII,
pending,25,DAIHATSU,daihatsu,Daihatsu,gran_max,Daihatsu Gran Max,1884,GRAN MOVE (G3),
pending,25,DAIHATSU,daihatsu,Daihatsu,materia,Daihatsu Materia,6225,MATERIA (M4_),
pending,25,DAIHATSU,daihatsu,Daihatsu,sirion,Daihatsu Sirion,38530,SIRION (M8_),
pending,25,DAIHATSU,daihatsu,Daihatsu,terios,Daihatsu Terios,38361,TERIOS (F8__),
pending,25,DAIHATSU,daihatsu,Daihatsu,grand_terios,Daihatsu Grand Terios,38361,TERIOS (F8__),
pending,6587,DEEPAL,deepal,Deepal,g318,Deepal G318,90020,G318,
pending,6587,DEEPAL,deepal,Deepal,s05,Deepal S05,45991,S05,
pending,6587,DEEPAL,deepal,Deepal,s07,Deepal S07,44554,S7,
pending,4269,DFSK,dfsk,DFSK,e5_plus,DFSK E5 Plus,46105,E5,
pending,4269,DFSK,dfsk,DFSK,e5,DFSK E5,46105,E5,
pending,29,DODGE,dodge,Dodge,challenger,Dodge Challenger,10273,CHALLENGER Coupe,
pending,29,DODGE,dodge,Dodge,charger,Dodge Charger,10272,CHARGER,
pending,29,DODGE,dodge,Dodge,dart,Dodge Dart,10270,DART,
pending,29,DODGE,dodge,Dodge,durango,Dodge Durango,10275,DURANGO (WD),
pending,29,DODGE,dodge,Dodge,ram,Dodge Ram,10950,"RAM 1500 Pickup (DJ, DS)",
pending,3659,DONGFENG,dongfeng,Dongfeng,box,Dongfeng Box,45860,BOX,
pending,4468,DS,ds,DS,ds_7,DS DS 7,40600,DS 9 (X2_),
pending,4468,DS,ds,DS,ds_3,DS DS 3,40600,DS 9 (X2_),
pending,4468,DS,ds,DS,ds_4,DS DS 4,40600,DS 9 (X2_),
pending,4468,DS,ds,DS,ds_5,DS DS 5,40600,DS 9 (X2_),
pending,5247,EXEED (CHERY),exeed,EXEED,lx,EXEED LX,39995,LX,
pending,5247,EXEED (CHERY),exeed,EXEED,vx,EXEED VX,41849,VX,
pending,700,FERRARI,ferrari,Ferrari,portofino,Ferrari Portofino,38303,PORTOFINO,
pending,35,FIAT,fiat,Fiat,125,Fiat 125,1859,125 (125_),
pending,35,FIAT,fiat,Fiat,127,Fiat 127,128,127 (127_),
pending,35,FIAT,fiat,Fiat,128_nova,Fiat 128 nova,36944,128 Saloon (128_),
pending,35,FIAT,fiat,Fiat,131,Fiat 131,149,131 (131_),
pending,35,FIAT,fiat,Fiat,132,Fiat 132,3938,132 (132_),
pending,35,FIAT,fiat,Fiat,500,Fiat 500,6396,500 (312_),
pending,35,FIAT,fiat,Fiat,500x,Fiat 500X,6396,500 (312_),
pending,35,FIAT,fiat,Fiat,siena,Fiat Siena,11524,"GRAND SIENA (372_, 197)",
pending,35,FIAT,fiat,Fiat,linea,Fiat Linea,6409,"LINEA (323_, 110_)",
pending,35,FIAT,fiat,Fiat,marea,Fiat Marea,1570,MAREA (185_),
pending,35,FIAT,fiat,Fiat,palio,Fiat Palio,36400,PALIO FIRE (171_),
pending,35,FIAT,fiat,Fiat,grand_punto,Fiat Grand Punto,10199,PUNTO (199_),
pending,35,FIAT,fiat,Fiat,punto,Fiat Punto,10199,PUNTO (199_),
pending,35,FIAT,fiat,Fiat,punto_evo,Fiat Punto Evo,10199,PUNTO (199_),
pending,35,FIAT,fiat,Fiat,regata,Fiat Regata,34,REGATA (138_),
pending,35,FIAT,fiat,Fiat,ritmo,Fiat Ritmo,81,RITMO Convertible (138_),
pending,35,FIAT,fiat,Fiat,tempra,Fiat Tempra,364,TEMPRA (159_),
pending,35,FIAT,fiat,Fiat,tipo,Fiat Tipo,36527,"TIPO Estate (356_, 357_)",
pending,35,FIAT,fiat,Fiat,tipo_hatchback,Fiat Tipo Hatchback,36527,"TIPO Estate (356_, 357_)",
pending,35,FIAT,fiat,Fiat,uno,Fiat Uno,9657,UNO CARGO,
pending,36,FORD,ford,Ford,b_max,Ford B-Max,10257,B-MAX (JK),
pending,36,FORD,ford,Ford,ecosport,Ford Ecosport,11479,ECOSPORT,
pending,36,FORD,ford,Ford,escort,Ford Escort,36406,ESCORT Coupe,
pending,36,FORD,ford,Ford,fiesta,Ford Fiesta,38818,FIESTA VII Van,
pending,36,FORD,ford,Ford,focus,Ford Focus,38611,FOCUS IV (HN),
pending,36,FORD,ford,Ford,fusion,Ford Fusion,13129,FUSION V Saloon (CD),
pending,36,FORD,ford,Ford,kuga,Ford Kuga,11097,KUGA II (DM2),
pending,36,FORD,ford,Ford,mondeo,Ford Mondeo,13127,MONDEO V Turnier (CF),
pending,6363,FORTHING,forthing,Forthing,t5_evo,Forthing T5 Evo,43112,T5,
pending,6363,FORTHING,forthing,Forthing,t5_friday,Forthing T5 Friday,43112,T5,
pending,2867,FOTON,foton,Foton,view_c2,Foton View C2,14843,VIEW Van,
pending,3196,GAC,gac,GAC,aion_y,GAC Aion Y,45984,AION V,
pending,3196,GAC,gac,GAC,emkoo,GAC EMKOO,43619,EMKOO,
pending,3196,GAC,gac,GAC,empow,GAC EMPOW,42212,EMPOW,
pending,3196,GAC,gac,GAC,gs4_max,GAC GS4 Max,45455,TRUMPCHI GS4 MAX,
pending,2590,GEELY,geely,Geely,ck_2,Geely CK 2,5472,CK,
pending,2590,GEELY,geely,Geely,emgrand_7,Geely Emgrand 7,42613,EMGRAND L,
pending,2590,GEELY,geely,Geely,emgrand,Geely Emgrand,42613,EMGRAND L,
pending,2590,GEELY,geely,Geely,emgrand_x7,Geely EMGRAND X7,42613,EMGRAND L,
pending,2590,GEELY,geely,Geely,imperial,Geely Imperial,14611,IMPERIAL Saloon,
pending,2590,GEELY,geely,Geely,okavango,Geely Okavango,41863,OKAVANGO,
pending,4473,GENESIS,genesis,Genesis,gv70,Genesis GV70,38226,G70 (IK),
pending,4473,GENESIS,genesis,Genesis,gv60,Genesis GV60,42436,GV60 (JW),
pending,39,GMC,gmc,GMC,sierra,GMC Sierra,10292,SIERRA,
pending,39,GMC,gmc,GMC,terrain,GMC Terrain,38512,TERRAIN,
pending,39,GMC,gmc,GMC,yukon,GMC Yukon,12984,YUKON (K2UG),
pending,2903,GREAT WALL,great_wall,Great Wall,c30,Great Wall C30,13193,C30,
pending,2903,GREAT WALL,great_wall,Great Wall,hover,Great Wall Hover,10834,HOVER M4,
pending,3036,HAIMA (FAW),haima,Haima,family,Haima Family,39453,FAMILY F5,
pending,3036,HAIMA (FAW),haima,Haima,haima_1,Haima Haima 1,9872,HAIMA 2,
pending,3036,HAIMA (FAW),haima,Haima,m3,Haima M3,11507,M3,
pending,3036,HAIMA (FAW),haima,Haima,s5,Haima S5,39250,S5,
pending,3968,HAVAL,haval,Haval,h6,Haval H6,41080,H6,
pending,3968,HAVAL,haval,Haval,h6_hev,Haval H6 HEV,41080,H6,
pending,3968,HAVAL,haval,Haval,h7,Haval H7,36789,H7,
pending,3968,HAVAL,haval,Haval,jolion,Haval JOLION,41928,JOLION SUV,
pending,3968,HAVAL,haval,Haval,jolion_ckd,Haval Jolion CKD,41928,JOLION SUV,
pending,3968,HAVAL,haval,Haval,jolion_max,Haval Jolion Max,41928,JOLION SUV,
pending,3968,HAVAL,haval,Haval,jolion_pro,Haval JOLION PRO,41928,JOLION SUV,
pending,45,HONDA,honda,Honda,accord,Honda Accord,10998,ACCORD IX Coupe,
pending,45,HONDA,honda,Honda,city,Honda City,8131,"CITY V Saloon (GM2, GM3)",
pending,45,HONDA,honda,Honda,civic,Honda Civic,36529,CIVIC X Coupe,
pending,45,HONDA,honda,Honda,cr_v,Honda CR-V,10180,CR-V IV (RM_),
pending,45,HONDA,honda,Honda,hr_v,Honda HR-V,42684,HR-V (RV),
pending,45,HONDA,honda,Honda,zr_v,Honda ZR-V,44399,ZR-V,
pending,2871,HONGQI,hongqi,Hongqi,e_hs9,Hongqi E-HS9,42082,E-QM5,
pending,2871,HONGQI,hongqi,Hongqi,ehs7,Hongqi EHS7,45322,EH7,
pending,2871,HONGQI,hongqi,Hongqi,eh7,Hongqi EH7,11651,H7,
pending,2871,HONGQI,hongqi,Hongqi,h9,Hongqi H9,41063,H9,
pending,2871,HONGQI,hongqi,Hongqi,hs3,Hongqi HS3,44653,HS3,
pending,1506,HUMMER,hummer,Hummer,hummer_ev_suv,Hummer Hummer EV SUV,5459,HUMMER H3,
pending,183,HYUNDAI,hyundai,Hyundai,accent,Hyundai Accent,45180,ACCENT VI (BN),
pending,183,HYUNDAI,hyundai,Hyundai,accent_hci,Hyundai Accent HCI,45180,ACCENT VI (BN),
pending,183,HYUNDAI,hyundai,Hyundai,accent_rb,Hyundai Accent RB,45180,ACCENT VI (BN),
pending,183,HYUNDAI,hyundai,Hyundai,atos,Hyundai Atos,3511,ATOS (MX),
pending,183,HYUNDAI,hyundai,Hyundai,azera,Hyundai Azera,9626,AZERA (HG),
pending,183,HYUNDAI,hyundai,Hyundai,creta,Hyundai Creta,40545,CRETA (SU2_),
pending,183,HYUNDAI,hyundai,Hyundai,elantra,Hyundai Elantra,36000,ELANTRA V Estate,
pending,183,HYUNDAI,hyundai,Hyundai,elantra_ad,Hyundai Elantra AD,36000,ELANTRA V Estate,
pending,183,HYUNDAI,hyundai,Hyundai,elantra_cn7,Hyundai Elantra CN7,36000,ELANTRA V Estate,
pending,183,HYUNDAI,hyundai,Hyundai,elantra_hd,Hyundai Elantra HD,36000,ELANTRA V Estate,
pending,183,HYUNDAI,hyundai,Hyundai,elantra_md,Hyundai Elantra MD,36000,ELANTRA V Estate,
pending,183,HYUNDAI,hyundai,Hyundai,excel,Hyundai Excel,36952,EXCEL Saloon,
pending,183,HYUNDAI,hyundai,Hyundai,getz,Hyundai Getz,4901,GETZ (TB),
pending,183,HYUNDAI,hyundai,Hyundai,grand_i10,Hyundai Grand I10,13375,GRAND AVEGA,
pending,183,HYUNDAI,hyundai,Hyundai,i10,Hyundai I10,14488,i10 II Saloon,
pending,183,HYUNDAI,hyundai,Hyundai,i20,Hyundai I20,41340,"i20 III (BC3, BI3)",
pending,183,HYUNDAI,hyundai,Hyundai,i30,Hyundai I30,10445,i30 (GD),
pending,183,HYUNDAI,hyundai,Hyundai,i_30,Hyundai i 30,10445,i30 (GD),
pending,183,HYUNDAI,hyundai,Hyundai,coupe,Hyundai Coupe,11261,i30 Coupe,
pending,183,HYUNDAI,hyundai,Hyundai,ioniq_5,Hyundai IONIQ 5,43787,IONIQ 6 (CE),
pending,183,HYUNDAI,hyundai,Hyundai,ioniq_6,Hyundai IONIQ 6,43787,IONIQ 6 (CE),
pending,183,HYUNDAI,hyundai,Hyundai,ioniq_9,Hyundai IONIQ 9,43787,IONIQ 6 (CE),
pending,183,HYUNDAI,hyundai,Hyundai,ix_20,Hyundai IX 20,9045,ix20 (JC),
pending,183,HYUNDAI,hyundai,Hyundai,ix_35,Hyundai IX 35,8260,"ix35 (LM, EL, ELH)",
pending,183,HYUNDAI,hyundai,Hyundai,matrix,Hyundai Matrix,4789,MATRIX (FC),
pending,183,HYUNDAI,hyundai,Hyundai,santa_fe,Hyundai Santa Fe,45329,SANTA FE V (MX5),
pending,183,HYUNDAI,hyundai,Hyundai,solaris,Hyundai Solaris,38099,"SOLARIS Saloon (HCR, HCI)",
pending,183,HYUNDAI,hyundai,Hyundai,sonata,Hyundai Sonata,39857,SONATA VIII (DN8),
pending,183,HYUNDAI,hyundai,Hyundai,staria,Hyundai Staria,41997,STARIA Bus (US4),
pending,183,HYUNDAI,hyundai,Hyundai,tucson,Hyundai Tucson,41629,"TUCSON (NX4E, NX4A)",
pending,183,HYUNDAI,hyundai,Hyundai,tucson_nx4e,Hyundai Tucson NX4e,41629,"TUCSON (NX4E, NX4A)",
pending,183,HYUNDAI,hyundai,Hyundai,verna,Hyundai Verna,4903,VERNA II Saloon (LC),
pending,6514,IM MOTORS,im_motors,IM Motors,ls7,IM Motors LS7,42851,L7,
pending,2873,JAC,jac,JAC,js2,JAC JS2,12749,J2,
pending,2873,JAC,jac,JAC,js6,JAC JS6,10931,J6,
pending,2873,JAC,jac,JAC,j7,JAC J7,41993,J7,
pending,2873,JAC,jac,JAC,s2,JAC S2,44075,JS2,
pending,2873,JAC,jac,JAC,s3,JAC S3,44355,JS3,
pending,2873,JAC,jac,JAC,js3,JAC JS3,44355,JS3,
pending,2873,JAC,jac,JAC,js8_pro,JAC JS8 Pro,90027,JS8,
pending,2873,JAC,jac,JAC,js4,JAC JS4,44356,S4,
pending,2873,JAC,jac,JAC,s4,JAC S4,44356,S4,
pending,56,JAGUAR,jaguar,Jaguar,f_type,Jaguar F-TYPE,14864,F-PACE (X761),
pending,56,JAGUAR,jaguar,Jaguar,f_pace,Jaguar F-PACE,38533,I-PACE (X590),
pending,56,JAGUAR,jaguar,Jaguar,e_pace,Jaguar E-PACE,38533,I-PACE (X590),
pending,56,JAGUAR,jaguar,Jaguar,s_type,Jaguar S Type,3953,S-TYPE II (X200),
pending,56,JAGUAR,jaguar,Jaguar,xj,Jaguar XJ,8797,XJ (X351),
pending,882,JEEP,jeep,Jeep,grand_cherokee,Jeep Grand Cherokee,11738,CHEROKEE (KL),
pending,882,JEEP,jeep,Jeep,cherokee,Jeep Cherokee,11738,CHEROKEE (KL),
pending,882,JEEP,jeep,Jeep,renegade,Jeep Renegade,41694,"RENEGADE VAN (BU, B1)",
pending,882,JEEP,jeep,Jeep,wrangler,Jeep Wrangler,38535,WRANGLER IV (JL),
pending,5119,JETOUR,jetour,Jetour,dashing,Jetour Dashing,43568,DASHENG,
pending,5119,JETOUR,jetour,Jetour,x70,Jetour X70,38935,X70,
pending,5119,JETOUR,jetour,Jetour,x70___facelift,Jetour X70 - facelift,38935,X70,
pending,5119,JETOUR,jetour,Jetour,x70_plus_ckd,Jetour X70 Plus CKD,38935,X70,
pending,5119,JETOUR,jetour,Jetour,x90_plus,Jetour X90 Plus,39291,X90,
pending,5119,JETOUR,jetour,Jetour,x95,Jetour X95,40216,X95,
pending,3040,JMC,jmc,JMC,boarding,JMC Boarding,42902,BOARDING,
pending,184,KIA,kia,Kia,carens,Kia Carens,11139,CARENS IV,
pending,184,KIA,kia,Kia,carnival,Kia Carnival,41599,CARNIVAL IV (KA4),
pending,184,KIA,kia,Kia,ceed,Kia Ceed,38795,CEED (CD),
pending,184,KIA,kia,Kia,xceed,Kia XCeed,38795,CEED (CD),
pending,184,KIA,kia,Kia,cerato,Kia Cerato,13626,CERATO KOUP III (YD),
pending,184,KIA,kia,Kia,ev3,Kia EV3,45805,EV3,
pending,184,KIA,kia,Kia,ev5,Kia EV5,45328,EV5,
pending,184,KIA,kia,Kia,ev6,Kia EV6,42466,EV6 (CV),
pending,184,KIA,kia,Kia,ev9,Kia EV9,44467,EV9 (MV),
pending,184,KIA,kia,Kia,grand_cerato,Kia Grand Cerato,38784,"GRAND CERATO IV Saloon (BD, BDM)",
pending,184,KIA,kia,Kia,k3,Kia K3,46312,K3 CROSS Hatchback,
pending,184,KIA,kia,Kia,k4,Kia K4,45818,K4,
pending,184,KIA,kia,Kia,k8,Kia K8,42612,K8 (GL3),
pending,184,KIA,kia,Kia,pegas,Kia Pegas,39302,PEGAS I (AB),
pending,184,KIA,kia,Kia,picanto,Kia Picanto,37886,PICANTO III (JA),
pending,184,KIA,kia,Kia,pride,Kia Pride,1547,PRIDE (DA),
pending,184,KIA,kia,Kia,rio,Kia Rio,37619,"RIO IV (YB, SC, FB)",
pending,184,KIA,kia,Kia,seltos,Kia Seltos,39879,"SELTOS (SP2, SP2I)",
pending,184,KIA,kia,Kia,sephia,Kia Sephia,1301,SEPHIA Saloon (FA),
pending,184,KIA,kia,Kia,shuma,Kia Shuma,11944,SHUMA Coupe,
pending,184,KIA,kia,Kia,sorento,Kia Sorento,40546,"SORENTO IV (MQ4, MQ4A)",
pending,184,KIA,kia,Kia,soul,Kia Soul,39316,SOUL III (SK3),
pending,184,KIA,kia,Kia,spectra,Kia Spectra,5115,SPECTRA I Saloon (LD),
pending,184,KIA,kia,Kia,sportage,Kia Sportage,42553,SPORTAGE V (NQ5),
pending,63,LADA,lada,Lada,2110,Lada 2110,4130,110 (2110),
pending,63,LADA,lada,Lada,granta,Lada Granta,10465,GRANTA (2190_),
pending,63,LADA,lada,Lada,kalina,Lada Kalina,12774,KALINA II Hatchback (2192_),
pending,63,LADA,lada,Lada,niva,Lada Niva,40978,NIVA II Closed Off-Road Vehicle (2123),
pending,63,LADA,lada,Lada,samara,Lada Samara,37926,"SAMARA Hatchback (2113, 2114)",
pending,701,LAMBORGHINI,lamborghini,Lamborghini,urus_s,Lamborghini URUS S,38523,URUS,
pending,64,LANCIA,lancia,Lancia,dedra,Lancia Dedra,254,DEDRA (835_),
pending,1820,LAND ROVER,land_rover,Land Rover,defender,Land Rover DEFENDER,40590,DEFENDER Van (L663),
pending,1820,LAND ROVER,range_rover,Range Rover,sport,Range Rover Sport,13104,DISCOVERY SPORT (L550),
pending,1820,LAND ROVER,land_rover,Land Rover,discovery,Land Rover Discovery,37152,DISCOVERY V (L462),
pending,1820,LAND ROVER,land_rover,Land Rover,discovery_sport,Land Rover Discovery Sport,37152,DISCOVERY V (L462),
pending,1820,LAND ROVER,range_rover,Range Rover,evoque,Range Rover Evoque,39216,RANGE ROVER EVOQUE (L551),
pending,1820,LAND ROVER,land_rover,Land Rover,range_rover,Land Rover Range Rover,42537,RANGE ROVER V (L460),
pending,1820,LAND ROVER,land_rover,Land Rover,range_rover_evoque,Land Rover Range Rover Evoque,42537,RANGE ROVER V (L460),
pending,1820,LAND ROVER,range_rover,Range Rover,velar,Range Rover Velar,37713,RANGE ROVER VELAR (L560),
pending,842,LEXUS,lexus,Lexus,rz,Lexus RZ,43972,RZ (_BM1_),
pending,1200,LINCOLN,lincoln,Lincoln,aviator,Lincoln Aviator,40162,AVIATOR SUV,
pending,802,LOTUS,lotus,Lotus,emeya,Lotus Emeya,45149,EMEYA,
pending,802,LOTUS,lotus,Lotus,emira,Lotus Emira,42544,EMIRA,
pending,1280,MAHINDRA,mahindra,Mahindra,scorpio,Mahindra Scorpio,6143,SCORPIO,
pending,771,MASERATI,maserati,Maserati,ghibli,Maserati Ghibli,11517,GHIBLI III (M157),
pending,771,MASERATI,maserati,Maserati,granturismo,Maserati GranTurismo,7594,GRAN TURISMO I,
pending,771,MASERATI,maserati,Maserati,grecale,Maserati Grecale,42910,GRECALE,
pending,72,MAZDA,mazda,Mazda,3,Mazda 3,39276,3 Saloon (BP_),
pending,72,MAZDA,mazda,Mazda,323,Mazda 323,347,323 III Saloon (BF),
pending,72,MAZDA,mazda,Mazda,cx_3,Mazda CX 3,42967,CX-50,
pending,72,MAZDA,mazda,Mazda,familia,Mazda Familia,39315,FAMILIA VAN (NCP_M),
pending,74,MERCEDES-BENZ,mercedes,Mercedes,190,Mercedes 190,52,190 (W201),
pending,74,MERCEDES-BENZ,mercedes,Mercedes,amg_gt,Mercedes AMG GT,45023,AMG GT (C192),
pending,74,MERCEDES-BENZ,mercedes,Mercedes,b_180,Mercedes B 180,39199,B-CLASS Sports Tourer (W247),
pending,74,MERCEDES-BENZ,mercedes,Mercedes,b_200,Mercedes B 200,39199,B-CLASS Sports Tourer (W247),
pending,74,MERCEDES-BENZ,mercedes,Mercedes,c_180_station,Mercedes C 180 station,41824,C-CLASS (W206),
pending,74,MERCEDES-BENZ,mercedes,Mercedes,c_250,Mercedes C 250,41824,C-CLASS (W206),
pending,74,MERCEDES-BENZ,mercedes,Mercedes,c_280,Mercedes C 280,41824,C-CLASS (W206),
pending,74,MERCEDES-BENZ,mercedes,Mercedes,c_43_amg,Mercedes C 43 AMG,41824,C-CLASS (W206),
pending,74,MERCEDES-BENZ,mercedes,Mercedes,c_coupe,Mercedes C Coupe,41824,C-CLASS (W206),
pending,74,MERCEDES-BENZ,mercedes,Mercedes,sl43_amg_cabriolet,Mercedes SL43 AMG Cabriolet,3385,"CABRIOLET (W111, W112)",
pending,74,MERCEDES-BENZ,mercedes,Mercedes,cla_180,Mercedes CLA 180,39446,CLA (C118),
pending,74,MERCEDES-BENZ,mercedes,Mercedes,cla_200,Mercedes CLA 200,39446,CLA (C118),
pending,74,MERCEDES-BENZ,mercedes,Mercedes,cla_250e,Mercedes CLA 250e,39446,CLA (C118),
pending,74,MERCEDES-BENZ,mercedes,Mercedes,cla_300,Mercedes CLA 300,39446,CLA (C118),
pending,74,MERCEDES-BENZ,mercedes,Mercedes,cla_45s,Mercedes CLA 45s,39446,CLA (C118),
pending,74,MERCEDES-BENZ,mercedes,Mercedes,cle_200,Mercedes CLE 200,44789,CLE (C236),
pending,74,MERCEDES-BENZ,mercedes,Mercedes,cle_300,Mercedes CLE 300,44789,CLE (C236),
pending,74,MERCEDES-BENZ,mercedes,Mercedes,cls_350,Mercedes CLS 350,38362,CLS (C257),
pending,74,MERCEDES-BENZ,mercedes,Mercedes,e_180,Mercedes E 180,44552,E-CLASS (W214),
pending,74,MERCEDES-BENZ,mercedes,Mercedes,e_250,Mercedes E 250,44552,E-CLASS (W214),
pending,74,MERCEDES-BENZ,mercedes,Mercedes,e_63s,Mercedes E 63S,44552,E-CLASS (W214),
pending,74,MERCEDES-BENZ,mercedes,Mercedes,e_cabriolet,Mercedes E Cabriolet,44552,E-CLASS (W214),
pending,74,MERCEDES-BENZ,mercedes,Mercedes,g_class,Mercedes G Class,44552,E-CLASS (W214),
pending,74,MERCEDES-BENZ,mercedes,Mercedes,eqa_250,Mercedes EQA 250,41810,EQA (H243),
pending,74,MERCEDES-BENZ,mercedes,Mercedes,eqa_260,Mercedes EQA 260,41810,EQA (H243),
pending,74,MERCEDES-BENZ,mercedes,Mercedes,eqe_300,Mercedes EQE 300,42442,EQE (V295),
pending,74,MERCEDES-BENZ,mercedes,Mercedes,eqe_350,Mercedes EQE 350,42442,EQE (V295),
pending,74,MERCEDES-BENZ,mercedes,Mercedes,eqe_500,Mercedes EQE 500,42442,EQE (V295),
pending,74,MERCEDES-BENZ,mercedes,Mercedes,eqe_suv,Mercedes EQE SUV,42442,EQE (V295),
pending,74,MERCEDES-BENZ,mercedes,Mercedes,eqs,Mercedes EQS,42210,EQS (V297),
pending,74,MERCEDES-BENZ,mercedes,Mercedes,eqs_suv,Mercedes EQS SUV,42210,EQS (V297),
pending,74,MERCEDES-BENZ,mercedes,Mercedes,eqv_300,Mercedes EQV 300,42007,EQV (W447),
pending,74,MERCEDES-BENZ,mercedes,Mercedes,g_500,Mercedes G 500,38417,G-CLASS (W463),
pending,74,MERCEDES-BENZ,mercedes,Mercedes,g_63,Mercedes G 63,38417,G-CLASS (W463),
pending,74,MERCEDES-BENZ,mercedes,Mercedes,gla_200,Mercedes GLA 200,40514,GLA (H247),
pending,74,MERCEDES-BENZ,mercedes,Mercedes,glb_180,Mercedes GLB 180,39859,GLB (X247),
pending,74,MERCEDES-BENZ,mercedes,Mercedes,glb_200,Mercedes GLB 200,39859,GLB (X247),
pending,74,MERCEDES-BENZ,mercedes,Mercedes,glc_200,Mercedes GLC 200,42974,GLC (X254),
pending,74,MERCEDES-BENZ,mercedes,Mercedes,glc_250,Mercedes GLC 250,42974,GLC (X254),
pending,74,MERCEDES-BENZ,mercedes,Mercedes,glc_300,Mercedes GLC 300,42974,GLC (X254),
pending,74,MERCEDES-BENZ,mercedes,Mercedes,glc_300_coupe,Mercedes GLC 300 COUPE,42974,GLC (X254),
pending,74,MERCEDES-BENZ,mercedes,Mercedes,glc_43,Mercedes GLC 43,42974,GLC (X254),
pending,74,MERCEDES-BENZ,mercedes,Mercedes,gle_450,Mercedes Gle 450,39123,GLE (V167),
pending,74,MERCEDES-BENZ,mercedes,Mercedes,gle_53,Mercedes GLE 53,39123,GLE (V167),
pending,74,MERCEDES-BENZ,mercedes,Mercedes,glk_250,Mercedes GLK 250,7580,GLK-CLASS (X204),
pending,74,MERCEDES-BENZ,mercedes,Mercedes,glk_300,Mercedes GLK 300,7580,GLK-CLASS (X204),
pending,74,MERCEDES-BENZ,mercedes,Mercedes,glk_350,Mercedes GLK 350,7580,GLK-CLASS (X204),
pending,74,MERCEDES-BENZ,mercedes,Mercedes,gls_580,Mercedes GLS 580,39512,GLS (X167),
pending,74,MERCEDES-BENZ,mercedes,Mercedes,sl55_amg,Mercedes SL55 AMG,8533,SLS AMG (C197),
pending,74,MERCEDES-BENZ,mercedes,Mercedes,sprinter,Mercedes sprinter,38705,SPRINTER 3-t Van (B910),
pending,74,MERCEDES-BENZ,mercedes,Mercedes,v_250,Mercedes V 250,11889,V-CLASS (W447),
pending,75,MG,mg,MG,cyberster,MG Cyberster,45693,CYBERSTER,
pending,75,MG,mg,MG,g50_plus,MG G50 Plus,45414,G50,
pending,75,MG,mg,MG,gt,MG GT,45401,GT,
pending,75,MG,mg,MG,one,MG One,45374,ONE,
pending,1523,MINI,mini,Mini,clubman,Mini Clubman,14380,MINI CLUBMAN (F54),
pending,1523,MINI,mini,Mini,cooper,Mini Cooper,44856,MINI COOPER (J01),
pending,1523,MINI,mini,Mini,countryman,Mini Countryman,44849,MINI COUNTRYMAN (U25),
pending,1523,MINI,mini,Mini,paceman,Mini Paceman,11216,MINI PACEMAN (R61),
pending,77,MITSUBISHI,mitsubishi,Mitsubishi,colt,Mitsubishi Colt,38490,COLT T120SS Bus,
pending,77,MITSUBISHI,mitsubishi,Mitsubishi,eclipse,Mitsubishi Eclipse,11352,ECLIPSE IV Convertible,
pending,77,MITSUBISHI,mitsubishi,Mitsubishi,galant,Mitsubishi Galant,5822,"GALANT IX Saloon (DJ_, ED_, EF_)",
pending,77,MITSUBISHI,mitsubishi,Mitsubishi,l200,Mitsubishi L200,45033,L200 / TRITON Pickup,
pending,77,MITSUBISHI,mitsubishi,Mitsubishi,lancer,Mitsubishi Lancer,10966,LANCER VIII Cargo (CV_),
pending,77,MITSUBISHI,mitsubishi,Mitsubishi,lancer_crystala,Mitsubishi Lancer Crystala,10966,LANCER VIII Cargo (CV_),
pending,77,MITSUBISHI,mitsubishi,Mitsubishi,lancer_puma,Mitsubishi Lancer Puma,10966,LANCER VIII Cargo (CV_),
pending,77,MITSUBISHI,mitsubishi,Mitsubishi,lancer_shark,Mitsubishi Lancer Shark,10966,LANCER VIII Cargo (CV_),
pending,77,MITSUBISHI,mitsubishi,Mitsubishi,mirage,Mitsubishi Mirage,11697,MIRAGE VI Saloon (A1_A),
pending,77,MITSUBISHI,mitsubishi,Mitsubishi,outlander,Mitsubishi Outlander,41989,"OUTLANDER IV (GM_W, GG_W, DG)",
pending,77,MITSUBISHI,mitsubishi,Mitsubishi,outlander_sport,Mitsubishi Outlander Sport,41989,"OUTLANDER IV (GM_W, GG_W, DG)",
pending,77,MITSUBISHI,mitsubishi,Mitsubishi,pajero,Mitsubishi Pajero,14579,PAJERO SPORT III (KS_),
pending,77,MITSUBISHI,mitsubishi,Mitsubishi,xpander,Mitsubishi Xpander,38151,XPANDER MPV (NC_),
pending,80,NISSAN,nissan,Nissan,armada,Nissan Armada,36524,ARMADA MK II (Y62),
pending,80,NISSAN,nissan,Nissan,juke,Nissan Juke,39878,JUKE (F16_),
pending,80,NISSAN,nissan,Nissan,livina,Nissan Livina,39497,LIVINA / GRAND LIVINA II,
pending,80,NISSAN,nissan,Nissan,navara,Nissan Navara,7813,NAVARA (D22),
pending,80,NISSAN,nissan,Nissan,patrol,Nissan Patrol,8974,PATROL VI (Y62),
pending,80,NISSAN,nissan,Nissan,pick_up,Nissan Pick up,3892,PICK UP (D22),
pending,80,NISSAN,nissan,Nissan,qashqai,Nissan Qashqai,41987,QASHQAI III (J12),
pending,80,NISSAN,nissan,Nissan,sentra,Nissan Sentra,11273,SENTRA III (B17),
pending,80,NISSAN,nissan,Nissan,sunny,Nissan Sunny,14452,SUNNY,
pending,80,NISSAN,nissan,Nissan,tiida,Nissan Tiida,11514,TIIDA Saloon (SC12),
pending,80,NISSAN,nissan,Nissan,x_trail,Nissan X-Trail,43503,X-TRAIL IV (T33),
pending,84,OPEL,opel,Opel,adam,Opel Adam,10731,ADAM (M13),
pending,84,OPEL,opel,Opel,astra,Opel Astra,42533,ASTRA L (OV5),
pending,84,OPEL,opel,Opel,cascada,Opel Cascada,11177,CASCADA (W13),
pending,84,OPEL,opel,Opel,corsa,Opel Corsa,13137,CORSA E (X15),
pending,84,OPEL,opel,Opel,grand_land,Opel Grand Land,45888,GRANDLAND (OV64),
pending,84,OPEL,opel,Opel,insignia,Opel Insignia,37800,INSIGNIA B Grand Sport (Z18),
pending,84,OPEL,opel,Opel,meriva,Opel Meriva,8549,MERIVA B MPV (S10),
pending,84,OPEL,opel,Opel,mokka,Opel Mokka,40942,MOKKA,
pending,84,OPEL,opel,Opel,vectra,Opel Vectra,4865,VECTRA C (Z02),
pending,88,PEUGEOT,peugeot,Peugeot,2008,Peugeot 2008,11219,2008 I (CU_),
pending,88,PEUGEOT,peugeot,Peugeot,205,Peugeot 205,205,205 II (20A/C),
pending,88,PEUGEOT,peugeot,Peugeot,206,Peugeot 206,5615,206 Saloon,
pending,88,PEUGEOT,peugeot,Peugeot,206_sedan,Peugeot 206 Sedan,5615,206 Saloon,
pending,88,PEUGEOT,peugeot,Peugeot,207,Peugeot 207,8597,"207 Hatchback Van (WA_, WC_)",
pending,88,PEUGEOT,peugeot,Peugeot,208,Peugeot 208,39520,"208 II (UB_, UP_, UW_, UJ_)",
pending,88,PEUGEOT,peugeot,Peugeot,3008,Peugeot 3008,45013,"3008 III (KA_, KB_, KC_)",
pending,88,PEUGEOT,peugeot,Peugeot,301,Peugeot 301,11198,301,
pending,88,PEUGEOT,peugeot,Peugeot,305,Peugeot 305,257,305 II (581M),
pending,88,PEUGEOT,peugeot,Peugeot,307,Peugeot 307,9909,307 Saloon,
pending,88,PEUGEOT,peugeot,Peugeot,308,Peugeot 308,38890,308 Hatchback Van (LB_),
pending,88,PEUGEOT,peugeot,Peugeot,405,Peugeot 405,400,405 II (4B),
pending,88,PEUGEOT,peugeot,Peugeot,406,Peugeot 406,1477,406 (8B),
pending,88,PEUGEOT,peugeot,Peugeot,407,Peugeot 407,5460,407 Coupe (6C_),
pending,88,PEUGEOT,peugeot,Peugeot,408,Peugeot 408,9128,408,
pending,88,PEUGEOT,peugeot,Peugeot,5008,Peugeot 5008,41600,"5008 II Van (MC_, MJ_)",
pending,88,PEUGEOT,peugeot,Peugeot,504,Peugeot 504,10934,504,
pending,88,PEUGEOT,peugeot,Peugeot,505,Peugeot 505,445,505 (551A),
pending,88,PEUGEOT,peugeot,Peugeot,508,Peugeot 508,38776,"508 II (FB_, FH_, F3_)",
pending,88,PEUGEOT,peugeot,Peugeot,508_gt_max,Peugeot 508 GT MAX,38776,"508 II (FB_, FH_, F3_)",
pending,88,PEUGEOT,peugeot,Peugeot,605,Peugeot 605,481,605 (6B),
pending,88,PEUGEOT,peugeot,Peugeot,607,Peugeot 607,4351,"607 (9D, 9U)",
pending,88,PEUGEOT,peugeot,Peugeot,rcz,Peugeot RCZ,8256,RCZ,
pending,92,PORSCHE,porsche,Porsche,718,Porsche 718,36534,718 CAYMAN (982),
pending,92,PORSCHE,porsche,Porsche,718_boxster,Porsche 718 Boxster,36534,718 CAYMAN (982),
pending,92,PORSCHE,porsche,Porsche,718_cayman,Porsche 718 Cayman,36534,718 CAYMAN (982),
pending,92,PORSCHE,porsche,Porsche,cayman,Porsche Cayman,36534,718 CAYMAN (982),
pending,92,PORSCHE,porsche,Porsche,911_carrera,Porsche 911 Carrera,39350,911 (992),
pending,92,PORSCHE,porsche,Porsche,911_gt3,Porsche 911 GT3,39350,911 (992),
pending,92,PORSCHE,porsche,Porsche,911_turbo,Porsche 911 Turbo,39350,911 (992),
pending,92,PORSCHE,porsche,Porsche,targa,Porsche Targa,40829,911 Targa (992),
pending,92,PORSCHE,porsche,Porsche,cayenne,Porsche Cayenne,38357,CAYENNE (9YA),
pending,92,PORSCHE,porsche,Porsche,cayenne_coupe,Porsche Cayenne Coupe,38357,CAYENNE (9YA),
pending,92,PORSCHE,porsche,Porsche,cayenne_new,Porsche Cayenne New,38357,CAYENNE (9YA),
pending,92,PORSCHE,porsche,Porsche,cayenne_s,Porsche Cayenne S,38357,CAYENNE (9YA),
pending,92,PORSCHE,porsche,Porsche,macan,Porsche Macan,45181,MACAN (XAB),
pending,92,PORSCHE,porsche,Porsche,macan_s,Porsche Macan S,45181,MACAN (XAB),
pending,92,PORSCHE,porsche,Porsche,macan_t,Porsche Macan T,45181,MACAN (XAB),
pending,92,PORSCHE,porsche,Porsche,panamera,Porsche Panamera,45012,PANAMERA (976),
pending,92,PORSCHE,porsche,Porsche,panamera_gts,Porsche Panamera GTS,45012,PANAMERA (976),
pending,92,PORSCHE,porsche,Porsche,taycan,Porsche Taycan,40415,TAYCAN (Y1A),
pending,778,PROTON,proton,Proton,gen_2,Proton Gen 2,5476,GEN 2 (CM_),
pending,778,PROTON,proton,Proton,persona,Proton Persona,36975,PERSONA Saloon (BH6),
pending,778,PROTON,proton,Proton,preve,Proton Preve,11276,PREVÉ,
pending,778,PROTON,proton,Proton,saga,Proton Saga,8765,SAGA II Saloon,
pending,778,PROTON,proton,Proton,wira,Proton Wira,5218,WIRA,
pending,93,RENAULT,renault,Renault,18,Renault 18,489,18 (134_),
pending,93,RENAULT,renault,Renault,19,Renault 19,515,19 II Chamade (L53_),
pending,93,RENAULT,renault,Renault,austral,Renault Austral,43064,AUSTRAL,
pending,93,RENAULT,renault,Renault,clio,Renault Clio,40028,CLIO V (B7_),
pending,93,RENAULT,renault,Renault,duster,Renault Duster,38734,DUSTER (HM_),
pending,93,RENAULT,renault,Renault,fluence,Renault Fluence,8179,FLUENCE (L3_),
pending,93,RENAULT,renault,Renault,kadjar,Renault Kadjar,13881,"KADJAR (HA_, HL_)",
pending,93,RENAULT,renault,Renault,captur,Renault Captur,38347,KAPTUR (H5_),
pending,93,RENAULT,renault,Renault,kardian,Renault Kardian,45359,KARDIAN,
pending,93,RENAULT,renault,Renault,laguna,Renault Laguna,6430,LAGUNA III (BT0/1),
pending,93,RENAULT,renault,Renault,logan,Renault Logan,6734,LOGAN I (LS_),
pending,93,RENAULT,renault,Renault,logan_mcv,Renault Logan MCV,6734,LOGAN I (LS_),
pending,93,RENAULT,renault,Renault,megane,Renault Megane,42636,MEGANE E-TECH SUV,
pending,93,RENAULT,renault,Renault,sandero,Renault Sandero,7893,SANDERO/STEPWAY I (BS_),
pending,93,RENAULT,renault,Renault,sandero_stepway,Renault Sandero Stepway,7893,SANDERO/STEPWAY I (BS_),
pending,93,RENAULT,renault,Renault,scala,Renault Scala,10318,SCALA (LJM_),
pending,93,RENAULT,renault,Renault,scenic,Renault Scenic,45037,SCENIC E-TECH PHASE I,
pending,93,RENAULT,renault,Renault,taliant,Renault Taliant,42586,TALIANT,
pending,93,RENAULT,renault,Renault,twizy,Renault Twizy,10186,TWIZY (MAM_),
pending,6915,RIVIAN,rivian,Rivian,r1s,Rivian R1S,45026,R1S,
pending,705,ROLLS-ROYCE,rolls_royce,Rolls Royce,cullinan,Rolls Royce Cullinan,38870,CULLINAN (RR31),
pending,705,ROLLS-ROYCE,rolls_royce,Rolls Royce,spectre,Rolls Royce Spectre,44678,SPECTRE (RR25),
pending,104,SEAT,seat,Seat,arona,Seat Arona,38144,"ARONA (KJ7, KJP)",
pending,104,SEAT,seat,Seat,ateca,Seat ATECA,36512,"ATECA (KH7, KHP)",
pending,104,SEAT,seat,Seat,cordoba,Seat Cordoba,4961,CORDOBA (6L2),
pending,104,SEAT,seat,Seat,ibiza,Seat Ibiza,37916,"IBIZA V (KJ1, KJG)",
pending,104,SEAT,seat,Seat,leon,Seat Leon,40534,"LEON (KL1, KLG)",
pending,104,SEAT,seat,Seat,tarraco,Seat Tarraco,39208,TARRACO (KN2),
pending,104,SEAT,seat,Seat,toledo,Seat Toledo,10880,TOLEDO IV (KG3),
pending,4661,SHINERAY,shineray,Shineray,x30,Shineray X30,42106,X30 Bus,
pending,106,SKODA,skoda,Skoda,fabia,Skoda Fabia,42133,FABIA IV (PJ3),
pending,106,SKODA,skoda,Skoda,favorite,Skoda favorite,398,FAVORIT (781),
pending,106,SKODA,skoda,Skoda,forman,Skoda Forman,426,FAVORIT Forman (785),
pending,106,SKODA,skoda,Skoda,felicia,Skoda Felicia,3994,"FELICIA I Pickup (6UF, 6U7)",
pending,106,SKODA,skoda,Skoda,kamiq,Skoda KAMIQ,39796,KAMIQ (NW4),
pending,106,SKODA,skoda,Skoda,karoq,Skoda KAROQ,38149,"KAROQ (NU7, ND7)",
pending,106,SKODA,skoda,Skoda,kodiaq,Skoda KODIAQ,45125,KODIAQ II (PS7),
pending,106,SKODA,skoda,Skoda,octavia,Skoda Octavia,40538,"OCTAVIA IV (NX3, NN3, PV3)",
pending,106,SKODA,skoda,Skoda,octavia_a4,Skoda Octavia A4,40538,"OCTAVIA IV (NX3, NN3, PV3)",
pending,106,SKODA,skoda,Skoda,octavia_a5,Skoda Octavia A5,40538,"OCTAVIA IV (NX3, NN3, PV3)",
pending,106,SKODA,skoda,Skoda,octavia_a7,Skoda Octavia A7,40538,"OCTAVIA IV (NX3, NN3, PV3)",
pending,106,SKODA,skoda,Skoda,octavia_a8,Skoda Octavia A8,40538,"OCTAVIA IV (NX3, NN3, PV3)",
pending,106,SKODA,skoda,Skoda,rapid,Skoda Rapid,10006,RAPID (NA2),
pending,106,SKODA,skoda,Skoda,scala,Skoda SCALA,39378,SCALA (NW1),
pending,106,SKODA,skoda,Skoda,superb,Skoda Superb,45132,SUPERB IV (NZ3),
pending,106,SKODA,skoda,Skoda,yeti,Skoda Yeti,8486,YETI (5L),
pending,3657,SOUEAST,soueast,Soueast,a_5,Soueast A 5,40217,A5,
pending,3657,SOUEAST,soueast,Soueast,dx8s_coupe,Soueast DX8S COUPE,43655,DX8S,
pending,4627,SPERANZA,speranza,Speranza,a113,Speranza A113,37367,A113,
pending,4627,SPERANZA,speranza,Speranza,a213,Speranza A213,37704,A213,
pending,4627,SPERANZA,speranza,Speranza,a516,Speranza A516,37364,A516,
pending,4627,SPERANZA,speranza,Speranza,a620,Speranza A620,37705,A620,
pending,4627,SPERANZA,speranza,Speranza,envy,Speranza Envy,37366,ENVY,
pending,4627,SPERANZA,speranza,Speranza,m12,Speranza M12,37706,M12 Hatchback,
pending,4627,SPERANZA,speranza,Speranza,tiggo,Speranza Tiggo,37365,TIGGO,
pending,175,SSANGYONG,kgm,KGM,actyon,KGM Actyon,5619,ACTYON I,
pending,175,SSANGYONG,ssangyong,SsangYong,musso,SsangYong Musso,38538,MUSSO (QK),
pending,175,SSANGYONG,ssangyong,SsangYong,tivoli,SsangYong Tivoli,14015,TIVOLI,
pending,175,SSANGYONG,kgm,KGM,torres,KGM Torres,43849,TORRES (J100),
pending,175,SSANGYONG,ssangyong,SsangYong,torres,SsangYong Torres,43849,TORRES (J100),
pending,107,SUBARU,subaru,Subaru,crosstrek,Subaru Crosstrek,44046,CROSSTREK (GU_),
pending,107,SUBARU,subaru,Subaru,forester,Subaru Forester,46118,FORESTER (SL_),
pending,107,SUBARU,subaru,Subaru,impreza,Subaru Impreza,36137,IMPREZA Estate,
pending,107,SUBARU,subaru,Subaru,legacy,Subaru Legacy,40677,LEGACY VII,
pending,107,SUBARU,subaru,Subaru,xv,Subaru XV,38165,XV (GT),
pending,109,SUZUKI,suzuki,Suzuki,alto,Suzuki Alto,38845,ALTO K10,
pending,109,SUZUKI,suzuki,Suzuki,baleno,Suzuki Baleno,43084,BALENO,
pending,109,SUZUKI,suzuki,Suzuki,celerio,Suzuki Celerio,13151,CELERIO (LF),
pending,109,SUZUKI,suzuki,Suzuki,ciaz,Suzuki Ciaz,14109,CIAZ,
pending,109,SUZUKI,suzuki,Suzuki,dzire,Suzuki Dzire,38730,DZIRE,
pending,109,SUZUKI,suzuki,Suzuki,swift_dzire,Suzuki Swift Dzire,38730,DZIRE,
pending,109,SUZUKI,suzuki,Suzuki,ertiga,Suzuki Ertiga,38646,ERTIGA (NC),
pending,109,SUZUKI,suzuki,Suzuki,fronx,Suzuki Fronx,44695,FRONX,
pending,109,SUZUKI,suzuki,Suzuki,jimny,Suzuki Jimny,38290,JIMNY Open Off-Road Vehicle (SN),
pending,109,SUZUKI,suzuki,Suzuki,maruti,Suzuki Maruti,13780,MARUTI,
pending,109,SUZUKI,suzuki,Suzuki,spresso,Suzuki Spresso,40679,S-PRESSO (FL),
pending,109,SUZUKI,suzuki,Suzuki,supercarry,Suzuki SuperCarry,90026,SUPER CARRY,
pending,109,SUZUKI,suzuki,Suzuki,swift,Suzuki Swift,37855,SWIFT V (AZ),
pending,109,SUZUKI,suzuki,Suzuki,sx4,Suzuki SX4,5566,"SX4 (EY, GY)",
pending,109,SUZUKI,suzuki,Suzuki,grand_vitara,Suzuki Grand Vitara,13638,VITARA (LY),
pending,109,SUZUKI,suzuki,Suzuki,vitara,Suzuki Vitara,13638,VITARA (LY),
pending,3328,TESLA,tesla,Tesla,cybertruck,Tesla cybertruck,45741,CYBERTRUCK (7G2C),
pending,3328,TESLA,tesla,Tesla,model__y,Tesla Model  Y,46152,MODEL Y,
pending,111,TOYOTA,toyota,Toyota,avanza,Toyota Avanza,36199,AVANZA II (F65_),
pending,111,TOYOTA,toyota,Toyota,belta,Toyota Belta,45521,BELTA (AVB),
pending,111,TOYOTA,toyota,Toyota,bz4x,Toyota bZ4X,42683,bZ4X (_EAM1_),
pending,111,TOYOTA,toyota,Toyota,c_hr,Toyota C-HR,36890,C-HR (_X1_),
pending,111,TOYOTA,toyota,Toyota,camry,Toyota Camry,45723,"CAMRY (_VA8_, _VH8_, _V8_)",
pending,111,TOYOTA,toyota,Toyota,corolla,Toyota Corolla,39452,COROLLA Estate (_E21_),
pending,111,TOYOTA,toyota,Toyota,cressida,Toyota Cressida,6292,CRESSIDA Saloon (_X8_),
pending,111,TOYOTA,toyota,Toyota,echo,Toyota Echo,7261,ECHO Saloon (_P1_),
pending,111,TOYOTA,toyota,Toyota,fortuner,Toyota Fortuner,14582,"FORTUNER (_N15_, _N16_)",
pending,111,TOYOTA,toyota,Toyota,hiace,Toyota Hiace,43069,HIACE V Bus,
pending,111,TOYOTA,toyota,Toyota,hilux,Toyota Hilux,45325,HILUX CHAMP,
pending,111,TOYOTA,toyota,Toyota,land_cruiser,Toyota Land cruiser,45372,LAND CRUISER (_J25_),
pending,111,TOYOTA,toyota,Toyota,urban_cruiser,Toyota Urban Cruiser,45372,LAND CRUISER (_J25_),
pending,111,TOYOTA,toyota,Toyota,prado,Toyota Prado,8657,LAND CRUISER PRADO (_J15_),
pending,111,TOYOTA,toyota,Toyota,rush,Toyota Rush,38360,RUSH Closed Off-Road Vehicle (F800_),
pending,111,TOYOTA,toyota,Toyota,tercel,Toyota Tercel,7026,TERCEL Saloon (_L5_),
pending,111,TOYOTA,toyota,Toyota,veloz,Toyota Veloz,44295,"VELOZ III (W10_, W15_)",
pending,111,TOYOTA,toyota,Toyota,auris,Toyota Auris,11610,YARIS (_P15_),
pending,111,TOYOTA,toyota,Toyota,yaris,Toyota Yaris,43555,YARIS ATIV,
pending,5506,VGV,vgv,VGV,u70_pro,VGV U70 PRO,40215,U70,
pending,5506,VGV,vgv,VGV,u70_p_plus,VGV U70 P plus,40215,U70,
pending,120,VOLVO,volvo,Volvo,240,Volvo 240,211,"240 (P242, P244)",
pending,120,VOLVO,volvo,Volvo,es90,Volvo ES90,46342,ES90,
pending,120,VOLVO,volvo,Volvo,ex30,Volvo EX30,44393,EX30 (416),
pending,120,VOLVO,volvo,Volvo,s60,Volvo S60,39574,S60 III (224),
pending,120,VOLVO,volvo,Volvo,s80,Volvo S80,5520,S80 II (124),
pending,120,VOLVO,volvo,Volvo,v60,Volvo V60,38603,V60 II (225),
pending,120,VOLVO,volvo,Volvo,xc_40,Volvo XC 40,38232,XC40 (536),
pending,6223,VOYAH,voyah,Voyah,dream,Voyah Dream,42921,DREAM,
pending,6223,VOYAH,voyah,Voyah,free,Voyah Free,42127,FREE,
pending,121,VW,volkswagen,Volkswagen,beetles,Volkswagen Beetles,9710,"BEETLE (5C1, 5C2)",
pending,121,VW,volkswagen,Volkswagen,bora,Volkswagen Bora,11598,BORA (9M2),
pending,121,VW,volkswagen,Volkswagen,caddy_life,Volkswagen Caddy life,41499,"CADDY V MPV (SBB, SBJ)",
pending,121,VW,volkswagen,Volkswagen,cc,Volkswagen CC,10200,CC B7 (358),
pending,121,VW,volkswagen,Volkswagen,gol,Volkswagen Gol,9611,GOL V,
pending,121,VW,volkswagen,Volkswagen,golf,Volkswagen Golf,38069,GOLF IV (9B3),
pending,121,VW,volkswagen,Volkswagen,golf_2,Volkswagen Golf 2,38069,GOLF IV (9B3),
pending,121,VW,volkswagen,Volkswagen,golf_3,Volkswagen Golf 3,38069,GOLF IV (9B3),
pending,121,VW,volkswagen,Volkswagen,golf_4,Volkswagen Golf 4,38069,GOLF IV (9B3),
pending,121,VW,volkswagen,Volkswagen,golf_5,Volkswagen Golf 5,38069,GOLF IV (9B3),
pending,121,VW,volkswagen,Volkswagen,golf_6,Volkswagen Golf 6,38069,GOLF IV (9B3),
pending,121,VW,volkswagen,Volkswagen,golf_7,Volkswagen Golf 7,38069,GOLF IV (9B3),
pending,121,VW,volkswagen,Volkswagen,id7,Volkswagen id7,44750,ID.7 (ED2),
pending,121,VW,volkswagen,Volkswagen,jetta,Volkswagen Jetta,39274,"JETTA VII Saloon (BU3, BU4)",
pending,121,VW,volkswagen,Volkswagen,parati,Volkswagen Parati,9918,PARATI IV Variant (5W5),
pending,121,VW,volkswagen,Volkswagen,passat,Volkswagen Passat,12917,"PASSAT B8 (3G2, CB2)",
pending,121,VW,volkswagen,Volkswagen,pointer,Volkswagen Pointer,6898,POINTER,
pending,121,VW,volkswagen,Volkswagen,polo,Volkswagen Polo,38138,"POLO VI (AW1, BZ1, AE1)",
pending,121,VW,volkswagen,Volkswagen,scirocco,Volkswagen Scirocco,7584,"SCIROCCO III (137, 138)",
pending,121,VW,volkswagen,Volkswagen,t_roc,Volkswagen T-Roc,38190,"T-ROC (A11, D11)",
pending,121,VW,volkswagen,Volkswagen,tayron,Volkswagen Tayron,45883,TAYRON (R41),
pending,121,VW,volkswagen,Volkswagen,tiguan,Volkswagen Tiguan,45054,TIGUAN (CT1),
pending,121,VW,volkswagen,Volkswagen,touareg,Volkswagen Touareg,38671,"TOUAREG (CR7, RC8)",
pending,121,VW,volkswagen,Volkswagen,souran,Volkswagen Souran,14158,TOURAN (5T1),
pending,121,VW,volkswagen,Volkswagen,touran,Volkswagen Touran,14158,TOURAN (5T1),
pending,8048,XIAOMI,xiaomi,xiaomi,su7,xiaomi SU7,45330,SU7,
pending,5184,XPENG,xpeng,Xpeng,g6,Xpeng G6,44587,G6,
pending,5184,XPENG,xpeng,Xpeng,g9,Xpeng G9,43597,G9,
pending,5184,XPENG,xpeng,Xpeng,mona_mo3,Xpeng Mona MO3,45839,MONA M03,
pending,5184,XPENG,xpeng,Xpeng,p7,Xpeng P7,40705,P7,
pending,5184,XPENG,xpeng,Xpeng,x9,Xpeng  X9,45059,X9,
pending,6168,ZEEKR,zeekr,Zeekr,001,Zeekr 001,41895,001,
pending,6168,ZEEKR,zeekr,Zeekr,007,Zeekr 007,45051,007,
pending,6168,ZEEKR,zeekr,Zeekr,7x,Zeekr 7X,45895,7X,
pending,6168,ZEEKR,zeekr,Zeekr,x,Zeekr X,44231,X,
pending,3160,ZOTYE,zotye,Zotye,t600,Zotye T600,11735,T600,
